academicProgramofInterest,Group
advanced New Media Production (Certificate),Marketing and Communication
advertising and Marketing Communications,Marketing and Communication
applied Gerontology Enhancement and Specialization (Certificate),Nursing and Health Care
art Entrepreneurship (Certificate),ArtsMusic
art History and Criticism,ArtsMusic
art: Studio art,ArtsMusic
arts Management and Leadership (MFa),ArtsMusic
Business analytics (Certificate),Business
Business and Organizational Security Management,Business
Change Leadership,Leadership
Change Leadership: Foundations (Certificate),Leadership
Change Leadership: Managing Teamwork and Communications (Certificate),Leadership
Communications Management,Marketing and Communication
Corporate Entrepreneurship (Certificate),Business
Counseling,Counseling
Counseling/Emphasis in Clinical Mental Health Counseling,Counseling
"Counseling/Emphasis in Couples, Marriage, Family and Child Counseling",Counseling
Counseling/Emphasis in Family Life Counseling,Counseling
Cybersecurity,Technology
Cybersecurity - Threat Detection (Certificate),Technology
Digital Marketing Management (Certificate),Marketing and Communication
Doctor of Education in Transformative Learning in the Global Community,Teaching and Education
Doctor of Management,Leadership
Education - applied Behavior analysis (advanced Graduate Certificate),Teaching and Education
Education - applied Educational Psychology,Teaching and Education
Education - applied Educational Psychology w/Emphasis in Immigrant & Refugee Children & Families,Teaching and Education
Education - applied Educational Psychology w/Emphasis in Psychological Education Programs,Teaching and Education
Education - applied Educational Psychology w/Emphasis in Psychology & Education of Gifted Students,Teaching and Education
Education - assessment of Learning and Cognitive Development (advanced Graduate Certificate),Teaching and Education
Education - Communication arts,Teaching and Education
Education - Communication arts w/Emphasis in Educational Technology,Teaching and Education
Education - Communication arts w/Emphasis in General Communication arts,Teaching and Education
Education - Communication arts w/Emphasis in Inclusive Education,Teaching and Education
Education - Communication arts w/Emphasis in International Languages & Cultures,Teaching and Education
Education - Communication arts w/Emphasis in Language arts,Teaching and Education
Education - Communication arts w/Emphasis in Reading,Teaching and Education
Education - Communication arts w/Emphasis in Teaching English as a Second Language,Teaching and Education
Education - Communication arts w/Emphasis in Writing for Educators,Teaching and Education
Education - Early Childhood Education (Ma),Teaching and Education
Education - Early Childhood Education (Ma) w/Emphasis in Inclusive Education,Teaching and Education
Education - EdS in applied Educational Psychology: School Psychology,Teaching and Education
Education - EdS in applied Educational Psychology: School Psychology (Intl Children's Rights),Teaching and Education
Education - EdS in Educational Leadership,Teaching and Education
Education - EdS in Educational Technology Leadership,Teaching and Education
Education - EdS in School Systems Superintendency & Leadership,Teaching and Education
Education - Education and Innovation,Teaching and Education
Education - Education and Innovation w/Emphasis in Education for Global Sustainability,Teaching and Education
Education - Education and Innovation w/Emphasis in Positive Behavioral Interventions and Supports,Teaching and Education
Education - Education for Global Sustainability (Certificate),Teaching and Education
Education - Educational Technology (MET),Teaching and Education
Education - Gifted Education and Talent Development (advanced Graduate Certificate),Teaching and Education
Education - Leadership in Tiered Systems of Support: RTI & PBIS (advanced Graduate Certificate),Teaching and Education
Education - MaT in Early Childhood Education,Teaching and Education
Education - MaT in Elementary Education,Teaching and Education
Education - MaT in Elementary Education with emphasis in Special Education,Teaching and Education
Education - MaT in Middle School Education,Teaching and Education
Education - MaT in Secondary Education,Teaching and Education
Education - MaT in Special Education,Teaching and Education
Education - MaT in Special Education with an emphasis in Elementary content,Teaching and Education
Education - MaT in Special Education with an emphasis in Middle School content,Teaching and Education
Education - Mathematics for Educators w/Emphasis in Community College Math,Teaching and Education
Education - Mathematics for Educators w/Emphasis in Secondary Mathematics,Teaching and Education
Education - Mobile Technology in Education (Certificate),Teaching and Education
Education - Multimodal Literacy for Global Impact,Teaching and Education
Education - Online Teaching and Learning (Certificate),Teaching and Education
Education - Pedagogical Coordination in the Reggio Emilia approach (Certificate),Teaching and Education
Education - Psychoeducational Needs of Immigrant & Refugee Youth (Certificate),Teaching and Education
Education - Reading,Teaching and Education
Education - Social Science Education,Teaching and Education
Education - Special Education w/Emphasis in applied Behavior analysis,Teaching and Education
Education - Special Education w/Emphasis in Emotional & Behavioral Disorders,Teaching and Education
Education - Special Education w/Emphasis in Mild/Moderate Disabilities,Teaching and Education
Education - Special Education w/Emphasis in Positive Behavioral Interventions & Supports,Teaching and Education
Education - Special Education w/Emphasis in Severe Developmental Disabilities,Teaching and Education
Education - Special Education w/No Emphasis,Teaching and Education
Education - Teacher Leadership (EDS Certificate),Teaching and Education
Education - Teaching English as a Foreign Language (Certificate),Teaching and Education
Education - Teaching English as a Second Language,Teaching and Education
Education - Teaching Globalization and History (Certificate),Teaching and Education
Enterprise Resource Planning (ERP) with SaP (Certificate),Technology
Environmental Management,Leadership
Environmental Sustainability (Certificate),Leadership
Finance,Business
Forensic accounting,Business
Gerontology,Nursing and Health Care
Gerontology (Certificate),Nursing and Health Care
Global Business (Certificate),Business
Global International Relations,Business
Government Contracting (Certificate),Business
Health Care Management (in French),Nursing and Health Care
Human Resources Development,Business
Human Resources Management,Business
Human Services,Nursing and Health Care
Information Technology Management,Technology
International Business,Business
International Human Rights,Business
International Nongovernmental Organizations,Business
International Relations,Business
Legal Studies,Business
Legal Studies (WebNet+),Business
Management,Leadership
Management and Leadership,Leadership
Marketing,Marketing and Communication
Master of Health administration,Nursing and Health Care
Master of Health administration Cohort at BJC,Nursing and Health Care
Master of Public administration,Nursing and Health Care
Master of Public administration (WebNet+),Nursing and Health Care
Master of Science in Nursing,Nursing and Health Care
MBa,Business
MBa (Evening Program),Business
MBa (One Year MBa Cohort),Business
MBa Cohort at BJC,Business
MBa Cohort at SSM,Business
MBa/Emphasis in Business and Organizational Security Management,Business
MBa/Emphasis in Finance,Business
MBa/Emphasis in Human Resources Development,Business
MBa/Emphasis in Human Resources Management,Business
MBa/Emphasis in Information Technology Management,Business
MBa/Emphasis in International Business,Business
MBa/Emphasis in International Relations,Business
MBa/Emphasis in Management,Business
MBa/Emphasis in Management and Leadership,Business
MBa/Emphasis in Marketing,Business
MBa/Emphasis in Media Communications,Business
MBa/Emphasis in Procurement and acquisitions Management,Business
Media Communications,Marketing and Communication
Media Literacy,Marketing and Communication
MSN Cohort at BJC,Nursing and Health Care
MSN Cohort at SSM,Nursing and Health Care
Music,ArtsMusic
Music/Emphasis in Church Music,ArtsMusic
Music/Emphasis in Composition/arranging,ArtsMusic
Music/Emphasis in Guitar,ArtsMusic
Music/Emphasis in Jazz Studies,ArtsMusic
Music/Emphasis in Orchestral Performance,ArtsMusic
Music/Emphasis in Piano,ArtsMusic
Music/Emphasis in Voice,ArtsMusic
New Media Production,Marketing and Communication
Non-Degree (Graduate),Undecided
Nonprofit Leadership,Leadership
Nonprofit Management (Certificate),Leadership
Nurse anesthesia (MS),Nursing and Health Care
Nurse Educator (Certificate),Nursing and Health Care
Nurse Leader (Certificate),Nursing and Health Care
Paralegal Studies (Certificate),Business
Paralegal Studies Certificate (WebNet+),Business
Procurement & acquisitions Management,Leadership
Project Management (Certificate),Leadership
Psychology/Emphasis in Counseling Psychology,Counseling
Public Relations,Marketing and Communication
Science Management and Leadership,Leadership
Science Management and Leadership (Certificate),Leadership
Security Studies (Certificate),Business
Social Entrepreneurship (Certificate),Business
Space Systems Operations Management/acquisitions and Program (WebNet+),Technology
Space Systems Operations Management/Emphasis in acquisitions and Program Management,Technology
Space Systems Operations Management/Emphasis in Engineering and Technical Management,Technology
Space Systems Operations Management/Engineering and Technical (WebNet+),Technology
Undecided (Ma),Undecided
Undecided (MBa),Undecided
none,Undecided
